{"cameraMode":{"drawMode":0,"name":"Shaded","section":"Shading Mode"},"sceneLighting":true,"audioPlay":false,"sceneViewState":{"showFog":false,"showMaterialUpdate":false,"showSkybox":false,"showFlares":false,"showImageEffects":false,"showParticleSystems":false},"in2DMode":false,"pivot":{"x":6.706705093383789,"y":-8.422637939453125,"z":-9.598432540893555},"rotation":{"x":0.10412897169589997,"y":0.8955835103988648,"z":-0.29361972212791445,"w":0.317609041929245},"size":33.39711380004883,"orthographic":false}