{"cameraMode":{"drawMode":0,"name":"Shaded","section":"Shading Mode"},"sceneLighting":true,"audioPlay":false,"sceneViewState":{"showFog":false,"showMaterialUpdate":false,"showSkybox":false,"showFlares":false,"showImageEffects":false,"showParticleSystems":false},"in2DMode":false,"pivot":{"x":8.340806007385254,"y":-6.915287017822266,"z":-11.182392120361329},"rotation":{"x":0.13453540205955506,"y":0.8596388697624207,"z":-0.2904289960861206,"w":0.3982105255126953},"size":32.547359466552737,"orthographic":false}